{
	"strings": {
		"HOSTGAMEPANEL_TITLE": "Luo moninpelikenttä",
		"HOSTGAMEPANEL_HEADER_SERVER_SETTINGS": "Peliasetukset",
		"HOSTGAMEPANEL_OPTION_SERVER_NAME": "Kentän nimi",
		"HOSTGAMEPANEL_OPTION_SERVER_NAME_DESCRIPTION": "Kenttäsi nimi.",
		"HOSTGAMEPANEL_DEFAULT_SERVER_NAME_FORMAT": "{0}:n kenttä",

		"HOSTGAMEPANEL_OPTION_GAME_MODE": "Pelimuoto",
		"HOSTGAMEPANEL_OPTION_GAME_MODE_DESCRIPTION": "Haluamasi pelimuoto.",

		"HOSTGAMEPANEL_OPTION_PASSWORD": "Salasana",
		"HOSTGAMEPANEL_OPTION_PASSWORD_DESCRIPTION": "Valinnainen salasana kentällesi. Pelaajat, joilla ei ole salasanaa, eivät voi liittyä kentällesi.",

		"HOSTGAMEPANEL_MAX_PLAYERS": "Maksimipelaajat",
		"HOSTGAMEPANEL_MAX_PLAYERS_DESCRIPTION": "Sallittujen pelaajien enimmäismäärä kentässäsi.",
		"HOSTGAMEPANEL_MAX_PLAYERS_TOO_MANY_SLOTS_WARNING": "Risk of Rain 2 on suunniteltu enintään 4 pelaajalle. Suorituskyky, kaistanleveys, vakaus ja pelitasapaino voivat kärsiä.",

		"HOSTGAMEPANEL_CUSTOM_TAGS": "Mukautetut tunnisteet",
		"HOSTGAMEPANEL_CUSTOM_TAGS_DESCRIPTION": "Valinnaisia tunnisteita kentällesi. Pelaajat voivat suodattaa kenttäsi tunnisteiden perusteella.",

		"HOSTGAMEPANEL_ALLOW_RULE_VOTING": "Sääntöäänestys päällä",
		"HOSTGAMEPANEL_ALLOW_RULE_VOTING_DESCRIPTION": "Voivatko pelaajat äänestää vaikeustasosta, artifakteista ja muusta hahmovalinnan aikana.",

		"HOSTGAMEPANEL_LOBBY_TYPE": "Kentän näkyvyys",
		"HOSTGAMEPANEL_LOBBY_TYPE_DESCRIPTION": "Onko kenttä julkinen, yksityinen vai vain kavereille.\n\nOn asetettava julkiseksi, jotta se näkyy muille käyttäjille.",

		"HOSTGAMEPANEL_ADVERTISE_TO_MASTER_SERVER": "Näkyy palvelimelle",
		"HOSTGAMEPANEL_ADVERTISE_TO_MASTER_SERVER_DESCRIPTION": "Näkyykö kenttä muille pelaajille heidän palvelinselaimessaan.",

		"HOSTGAMEPANEL_HOST": "Aloita peli"
	} 
}